index,category,sum_male,sum_female,perc_male,perc_female
0,none,0,0,0,0
1,Chemistry,198,5,0.975369458128079,0.0246305418719212
2,Economics,86,3,0.966292134831461,0.0337078651685393
3,Literature,101,15,0.870689655172414,0.129310344827586
4,Medicine,223,12,0.948936170212766,0.051063829787234
5,Peace,90,17,0.841121495327103,0.158878504672897
6,Physics,228,3,0.987012987012987,0.012987012987013
7,none,0,0,0,0